{
    "x": [
        0.0890625,
        0.1015625,
        0.1125,
        0.121875,
        0.134375,
        0.14375,
        0.1546875,
        0.1671875,
        0.1796875,
        0.1890625,
        0.196875,
        0.209375,
        0.21875,
        0.23125,
        0.2453125,
        0.259375,
        0.2734375,
        0.290625,
        0.309375,
        0.325,
        0.3453125,
        0.3640625,
        0.3859375,
        0.409375,
        0.434375,
        0.459375,
        0.484375,
        0.5125,
        0.540625,
        0.56875,
        0.5984375,
        0.628125,
        0.65625,
        0.684375
    ],
    "y": [
        0.4388888888888889,
        0.44722222222222224,
        0.45555555555555555,
        0.46111111111111114,
        0.4666666666666667,
        0.4722222222222222,
        0.4777777777777778,
        0.48333333333333334,
        0.4888888888888889,
        0.49444444444444446,
        0.49722222222222223,
        0.5027777777777778,
        0.5083333333333333,
        0.5138888888888888,
        0.5194444444444445,
        0.5277777777777778,
        0.5333333333333333,
        0.5416666666666666,
        0.55,
        0.5555555555555556,
        0.5666666666666667,
        0.575,
        0.5833333333333334,
        0.5944444444444444,
        0.6027777777777777,
        0.6138888888888889,
        0.625,
        0.6361111111111111,
        0.6472222222222223,
        0.6583333333333333,
        0.6694444444444444,
        0.6805555555555556,
        0.6888888888888889,
        0.6972222222222222
    ]
}