{
    "x": [
        0.1859375,
        0.209375,
        0.2359375,
        0.2609375,
        0.284375,
        0.3109375,
        0.334375,
        0.3578125,
        0.38125,
        0.403125,
        0.421875,
        0.44375,
        0.4609375,
        0.4796875,
        0.4953125,
        0.5109375,
        0.5265625,
        0.5390625,
        0.5546875,
        0.5671875,
        0.58125,
        0.59375,
        0.609375,
        0.6265625,
        0.64375,
        0.6609375,
        0.678125,
        0.6921875,
        0.7109375
    ],
    "y": [
        0.8111111111111111,
        0.8083333333333333,
        0.8,
        0.7944444444444444,
        0.7861111111111111,
        0.7805555555555556,
        0.7722222222222223,
        0.7638888888888888,
        0.7555555555555555,
        0.7472222222222222,
        0.7388888888888889,
        0.7305555555555555,
        0.7222222222222222,
        0.7166666666666667,
        0.7083333333333334,
        0.7,
        0.6944444444444444,
        0.6888888888888889,
        0.6805555555555556,
        0.675,
        0.6694444444444444,
        0.6638888888888889,
        0.6527777777777778,
        0.6444444444444445,
        0.6361111111111111,
        0.625,
        0.6166666666666667,
        0.6083333333333333,
        0.6
    ]
}