{
    "x": [
        0.3203125,
        0.35,
        0.3796875,
        0.4078125,
        0.4390625,
        0.4671875,
        0.49375,
        0.5203125,
        0.5453125,
        0.5703125,
        0.59375,
        0.615625,
        0.6359375,
        0.6546875,
        0.6734375,
        0.690625,
        0.70625,
        0.7203125,
        0.7359375,
        0.746875,
        0.7609375,
        0.771875,
        0.7828125,
        0.7953125,
        0.8109375,
        0.821875,
        0.8328125,
        0.8453125,
        0.8578125,
        0.8703125,
        0.8828125,
        0.896875
    ],
    "y": [
        0.7055555555555556,
        0.6972222222222222,
        0.6861111111111111,
        0.6777777777777778,
        0.6666666666666666,
        0.6583333333333333,
        0.6472222222222223,
        0.6361111111111111,
        0.6277777777777778,
        0.6166666666666667,
        0.6083333333333333,
        0.6,
        0.5916666666666667,
        0.5833333333333334,
        0.575,
        0.5666666666666667,
        0.5611111111111111,
        0.5527777777777778,
        0.5472222222222223,
        0.5416666666666666,
        0.5361111111111111,
        0.5305555555555556,
        0.525,
        0.5194444444444445,
        0.5111111111111111,
        0.5055555555555555,
        0.5,
        0.49166666666666664,
        0.4861111111111111,
        0.48055555555555557,
        0.4722222222222222,
        0.4638888888888889
    ]
}