{
    "x": [
        0.8203125,
        0.796875,
        0.7703125,
        0.74375,
        0.71875,
        0.69375,
        0.66875,
        0.6453125,
        0.6234375,
        0.6,
        0.578125,
        0.5578125,
        0.540625,
        0.5203125,
        0.5046875,
        0.4890625,
        0.471875,
        0.45625,
        0.44375,
        0.428125,
        0.4140625,
        0.4046875,
        0.3953125,
        0.384375,
        0.375,
        0.365625,
        0.3578125,
        0.3484375,
        0.3421875,
        0.334375,
        0.325,
        0.3140625,
        0.3015625,
        0.2890625,
        0.2765625,
        0.265625,
        0.2546875,
        0.24375,
        0.2296875,
        0.21875
    ],
    "y": [
        0.8277777777777777,
        0.825,
        0.8222222222222222,
        0.8166666666666667,
        0.8138888888888889,
        0.8083333333333333,
        0.8027777777777778,
        0.7972222222222223,
        0.7916666666666666,
        0.7861111111111111,
        0.7805555555555556,
        0.775,
        0.7666666666666667,
        0.7611111111111111,
        0.7555555555555555,
        0.75,
        0.7444444444444445,
        0.7388888888888889,
        0.7333333333333333,
        0.7277777777777777,
        0.7222222222222222,
        0.7166666666666667,
        0.7138888888888889,
        0.7083333333333334,
        0.7055555555555556,
        0.7,
        0.6972222222222222,
        0.6916666666666667,
        0.6888888888888889,
        0.6861111111111111,
        0.6805555555555556,
        0.675,
        0.6694444444444444,
        0.6638888888888889,
        0.6555555555555556,
        0.65,
        0.6444444444444445,
        0.6388888888888888,
        0.6305555555555555,
        0.625
    ]
}